hrmid,name,email,phone,role,reportingManager,location,joiningDate
1,Glenna Bousquet,kziehms0@free.fr,5554702817,Construction Expeditor,Karim Ziehms,Jiangna,2022-11-16
2,Bernadina Gauthorpp,jgrumbridge1@smugmug.com,5029376327,Surveyor,Josefina Grumbridge,Trail,2022-09-25
3,Morena Snook,nbousquet2@gov.uk,6201536271,Architect,Niccolo Bousquet,Payapa,2023-03-01
4,Timmi Dibb,cmease3@usa.gov,4838428539,Electrician,Chelsie Mease,Padangtepung,2022-05-30
5,Marabel Antonich,ptorn4@liveinternet.ru,9947851198,Construction Manager,Pammie Torn,Bolhrad,2023-03-23
6,Bobbette Lymer,ihillam5@dmoz.org,9651284621,Surveyor,Isaak Hillam,Victoria,2022-06-29
7,Padgett Yitzowitz,abasilotta6@cargocollective.com,3511835167,Engineer,Aldin Basilotta,Zarumilla,2022-05-29
8,Sibylle Ryam,evial7@mayoclinic.com,2774779951,Subcontractor,Elita Vial,Jilma,2022-08-09
9,Georgiana Reece,dharms8@webmd.com,5497443850,Construction Foreman,Daile Harms,KrujÃ«,2023-03-24
10,Broddy Lippiett,bevesque9@mail.ru,3133357493,Supervisor,Bel Evesque,Lugouqiao,2023-02-01
11,Pankaj Gupta,pankaj@gmail.com,1234567890,Intern,Prajjwal Pathak,Gurugram,2023-02-01